{
	"101": ["bbc one", "bbc 1"],
	"102": ["bbc two", "bbc 2"],
	"103": ["itv"],
	"104": ["channel 4", "channel four"],
	"105": ["channel 5", "channel five"],
	"106": ["sky one", "sky 1"],
	"107": ["sky living"],
	"108": ["sky atlantic"],
	"109": ["w"],
	"110": ["gold"],
	"111": ["dave"],
	"112": ["comedy central"],
	"113": ["universal"],
	"114": ["syfy", "sci-fi"],
	"115": ["bbc one", "bbc 1"],
	"116": ["bbc four", "bbc 4"],
	"117": ["london live"],
	"118": ["itv2", "itv two"],
	"119": ["itv3", "itv three"],
	"120": ["itv4", "itv four"],
	"121": ["skysp mix", "sky sports mix"],
	"122": ["sky arts"],
	"123": ["sky two", "sky 2"],
	"124": ["fox"],
	"125": ["discovery"],
	"126": ["mtv"],
	"127": ["comedyxtra"],
	"128": ["5star", "five star"],
	"129": ["nat geo"],
	"130": ["history"],
	"131": ["itvbe"],
	"132": ["alibi"],
	"133": ["good food"],
	"134": ["s4c", "s four c"],
	"135": ["e4", "e four"],
	"136": ["more4", "more four"],
	"137": ["4seven", "four seven"],
	"138": ["channel 4", "channel four"],
	"139": ["4music", "four music"],
	"140": ["tlc"],
	"141": ["5 usa", "five usa"],
	"142": ["really"],
	"143": ["drama"],
	"144": ["quest"],
	"145": ["challenge"],
	"146": ["cbs reality"],
	"147": ["cbs drama"],
	"148": ["cbs action"],
	"149": ["quest red"],
	"150": ["5spike", "five spike"],
	"151": ["e!"],
	"152": ["pick"],
	"153": ["5select", "five select"],
	"154": ["id"],
	"155": ["yesterday"],
	"156": ["crime+inv"],
	"157": ["sony crime"],
	"158": ["home"],
	"159": ["together"],
	"160": ["pbs america"],
	"161": ["discovery turbo"],
	"162": ["animal planet"],
	"163": ["h2", "h two"],
	"164": ["lifetime"],
	"165": ["nat geo wild"],
	"166": ["eden"],
	"167": ["discovery science"],
	"168": ["yourtv"],
	"169": ["bbc alba"],
	"170": ["real lives"],
	"171": ["discovery history"],
	"172": ["discovery shed"],
	"173": ["bet: blackenttv"],
	"174": ["vh1", "v h one"],
	"175": ["ben"],
	"176": ["itv"],
	"177": ["home & health"],
	"178": ["dmax"],
	"179": ["true ent"],
	"180": ["tru tv"],
	"181": ["sony crime 2", "sony crime two"],
	"182": ["gn tv"],
	"183": ["viceland"],
	"184": ["horse & country"],
	"185": ["propeller"],
	"186": ["amc from bt"],
	"187": ["blaze"],
	"189": ["property show"],
	"191": ["mytv"],
	"192": ["showcase"],
	"193": ["vox africa"],
	"194": ["ait international"],
	"195": ["abn tv"],
	"197": ["food network", "food ne2rk"],
	"198": ["travel channel"],
	"199": ["holiday plus cruise"],
	"301": ["sky premiere"],
	"302": ["sky hits"],
	"303": ["sky superhero"],
	"304": ["sky disney"],
	"305": ["sky family"],
	"306": ["sky action"],
	"307": ["sky comedy"],
	"308": ["sky thriller"],
	"309": ["sky drama"],
	"310": ["sky sci fi horror"],
	"311": ["sky classics"],
	"312": ["sky prem+1", "sky prem plus one", "sky premiere plus 1"],
	"313": ["film4", "film four"],
	"314": ["film4+1", "film4 plus one", "film four plus 1"],
	"315": ["tcm"],
	"316": ["tcm+1", "tcm plus one"],
	"317": ["horror channel"],
	"318": ["horror ch+1", "horror channel plus one"],
	"319": ["true movies"],
	"320": ["true movies+1", "true movies plus one"],
	"321": ["sony movies"],
	"322": ["sony movies+1", "sony movies plus one"],
	"323": ["movies4men", "movies for men"],
	"324": ["mov4men+1", "movies for men plus one", "movfourmen plus 1"],
	"325": ["movies 24", "movies twenty four", "movies 2four"],
	"326": ["movies 24+", "movies twenty four plus ", "movies 2 four plus "],
	"327": ["nollywood"],
	"328": ["talkingpictures"],
	"329": ["rok"],
	"350": ["mtv music"],
	"351": ["mtv base"],
	"352": ["mtv hits"],
	"353": ["mtv omg"],
	"354": ["mtv dance"],
	"355": ["mtv rocks"],
	"356": ["mtv classic"],
	"357": ["mtv music+1", "mtv music plus one"],
	"358": ["box upfront"],
	"359": ["the box"],
	"360": ["box hits"],
	"361": ["kiss"],
	"362": ["magic"],
	"363": ["kerrang!"],
	"364": ["chart show tv"],
	"365": ["the vault"],
	"366": ["scuzz"],
	"367": ["vintage tv"],
	"368": ["now 90s"],
	"369": ["starz tv"],
	"370": ["chartshow hits"],
	"371": ["now 80s"],
	"372": ["clubland tv"],
	"373": ["channel aka"],
	"374": ["heart tv"],
	"375": ["capital tv"],
	"376": ["keep it country"],
	"401": ["skyspmainev", "sky sportsmainev", "sky sports main event"],
	"402": ["skysp pl", "sky sports pl", "sky sports premier league"],
	"403": ["skysp football", "sky sports football", "sky sports football"],
	"404": ["skyspcricket", "sky sports cricket"],
	"405": ["skysp golf", "sky sports golf"],
	"406": ["skysp f1", "skysp f. one", "skysp fone", "sky sports f1"],
	"407": ["skysp action", "sky sports action"],
	"408": ["skysp arena", "sky sports arena"],
	"409": ["skysp news", "sky sports news"],
	"410": ["eurosport 1", "eurosport one"],
	"411": ["eurosport 2", "eurosport two"],
	"412": ["premier"],
	"413": ["bt sport 1", "bt sport one"],
	"414": ["bt sport 2", "bt sport two"],
	"415": ["at the races"],
	"417": ["bt sport 3", "bt sport three"],
	"418": ["mutv"],
	"419": ["chelsea tv"],
	"422": ["freesports"],
	"423": ["bt sport espn"],
	"425": ["lfctv"],
	"426": ["racing uk"],
	"427": ["boxnation"],
	"429": ["motorsport tv"],
	"431": ["frontrunner"],
	"433": ["ginxesportstv"],
	"450": ["forces tv"],
	"451": ["insight"],
	"452": ["fame tv"],
	"453": ["yanga!"],
	"490": ["boxnation"],
	"491": ["skyspboxoff", "sky sports box office"],
	"492": ["skyspboxoffhd", "sky sports box office"],
	"493": ["itv box office"],
	"494": ["btsptboxoffhd", "bt sport box office"],
	"501": ["sky news"],
	"502": ["bloomberg"],
	"503": ["bbc news"],
	"504": ["bbc parliament"],
	"505": ["cnbc"],
	"506": ["cnn"],
	"507": ["nhk world"],
	"508": ["euronews", "eur1ws"],
	"509": ["cgtn"],
	"510": ["ndtv 24x7", "ndtv twenty four seven", "ndtv 2fourx7"],
	"511": ["rt"],
	"512": ["france eng"],
	"513": ["al jazeera"],
	"514": ["cnc world"],
	"515": ["tvc news"],
	"516": ["trt world"],
	"518": ["channels 24", "channels twenty four", "channels 2four"],
	"519": ["times now"],
	"520": ["news18", "news eighteen"],
	"522": ["arirang tv"],
	"560": ["psychic today"],
	"561": ["sky insider"],
	"580": ["god channel"],
	"581": ["revelation"],
	"582": ["tbn uk"],
	"583": ["daystar"],
	"584": ["inspiration tv"],
	"585": ["loveworld tv"],
	"586": ["gospel channel"],
	"587": ["word network", "word ne2rk"],
	"588": ["ewtn catholic"],
	"589": ["faith world tv"],
	"590": ["kicc tv"],
	"591": ["believe tv"],
	"592": ["olive tv"],
	"593": ["sonlife"],
	"594": ["faith uk"],
	"595": ["hillsong"],
	"601": ["cartoon network"],
	"602": ["cn+1", "cn plus one"],
	"603": ["boomerang"],
	"604": ["nickelodeon"],
	"605": ["nickelodeon+1", "nickelodeon plus one"],
	"606": ["nicktoons"],
	"607": ["disney junior"],
	"608": ["disney junior+"],
	"609": ["disney channel"],
	"610": ["disney chnl+1", "disney channel plus one"],
	"611": ["disney xd"],
	"612": ["disney xd+1", "disney x d plus one"],
	"613": ["cbbc"],
	"614": ["cbeebies"],
	"615": ["nick junior"],
	"616": ["pop"],
	"617": ["tiny pop"],
	"618": ["boomerang+1", "boomerang plus one"],
	"619": ["cartoonito"],
	"620": ["nick jr too"],
	"621": ["citv"],
	"622": ["babytv"],
	"625": ["pop+1", "pop plus one"],
	"626": ["pop max"],
	"627": ["pop max+1", "pop max plus one"],
	"628": ["nick jr+1", "nick junior plus one"],
	"640": ["cartoon network"],
	"641": ["boomerang"],
	"642": ["nickelodeon"],
	"643": ["disney junior"],
	"644": ["disney channel"],
	"645": ["disney xd"],
	"646": ["cbbc"],
	"647": ["cbeebies"],
	"648": ["nick junior"],
	"660": ["qvc"],
	"661": ["jml direct"],
	"662": ["tjc"],
	"663": ["qvc style"],
	"664": ["ideal world"],
	"665": ["gems tv"],
	"666": ["high street tv 1", "high street tv one"],
	"667": ["retail tv"],
	"668": ["high street tv 2", "high street tv two"],
	"669": ["best direct"],
	"670": ["tjc choice"],
	"671": ["ideal extra"],
	"672": ["high street tv 3", "high street tv three"],
	"673": ["hochanda"],
	"674": ["jewelry maker"],
	"675": ["high street tv 4", "high street tv four"],
	"676": ["tv warehouse"],
	"677": ["qvc beauty"],
	"678": ["paversshoes.tv"],
	"679": ["thane"],
	"680": ["v channel"],
	"681": ["rocks & co"],
	"682": ["qvc extra"],
	"683": ["create & craft"],
	"684": ["craft extra"],
	"685": ["shop now"],
	"686": ["price crash"],
	"687": ["sewing quarter"],
	"688": ["cruise1st.tv", "cruise first dot tv"],
	"701": ["b4u movies", "b for u movies"],
	"702": ["b4u music", "b for u music"],
	"703": ["sony tv"],
	"704": ["star bharat"],
	"705": ["star plus"],
	"706": ["pcne chinese"],
	"707": ["colors"],
	"708": ["mta-muslim tv"],
	"709": ["zee tv"],
	"710": ["zing"],
	"711": ["zee cinema"],
	"712": ["jus punjabi"],
	"713": ["ptv prime"],
	"714": ["matv national"],
	"715": ["abu dhabi tv"],
	"716": ["&tv", "and tv"],
	"717": ["tv5 monde", "tv five monde"],
	"718": ["rishteycine"],
	"719": ["sony max"],
	"720": ["hum masala"],
	"721": ["hidayat tv"],
	"722": ["record tv"],
	"723": ["geo news"],
	"724": ["ptv global"],
	"725": ["new vision tv"],
	"726": ["venus tv"],
	"727": ["islam channel"],
	"728": ["geo tv"],
	"729": ["star gold"],
	"730": ["sony sab"],
	"731": ["abp news"],
	"732": ["noor tv"],
	"733": ["peace tv"],
	"734": ["chstv"],
	"735": ["ptc punjabi"],
	"736": ["sony mix"],
	"737": ["geo kahani"],
	"738": ["aaj tak"],
	"739": ["iqra tv"],
	"740": ["92 news", "ninety two news"],
	"741": ["rishtey"],
	"743": ["brit asia tv"],
	"744": ["iqra bangla"],
	"745": ["ahlebait tv"],
	"746": ["atn bangla uk"],
	"747": ["madani chnl"],
	"748": ["sikh channel"],
	"749": ["peace tv urd"],
	"750": ["ahlulbayt tv"],
	"751": ["samaa"],
	"752": ["channel i"],
	"753": ["takbeer tv"],
	"754": ["living foodz"],
	"755": ["sangat"],
	"756": ["aastha"],
	"757": ["ntv"],
	"758": ["skynews arabia"],
	"759": ["tv 99"],
	"760": ["akaal channel"],
	"761": ["hum europe"],
	"762": ["british muslim"],
	"763": ["safeer tv"],
	"764": ["tv one", "tv 1"],
	"765": ["dunya news"],
	"766": ["islam ch urd"],
	"767": ["channel 44", "channel forty four"],
	"769": ["eman channel"],
	"770": ["ktv"],
	"771": ["aplus tv"],
	"772": ["urdu1 europe", "urdu one europe"],
	"773": ["ion tv"],
	"774": ["ary family"],
	"775": ["kanshi tv"],
	"776": ["mtv beats"],
	"777": ["vtv"],
	"778": ["sanskar"],
	"779": ["a1tv", "aonetv"],
	"780": ["iran international"]
}
