{
	"init": {
		"channels": [{
			"c": [2002, 101, 12, 0],
			"lcn": "BBC One London",
			"pt": "F",
			"t": "BBC One Lon"
		}, {
			"c": [2075, 102, 12, 1],
			"lcn": null,
			"pt": "F",
			"t": "BBC Two HD"
		}, {
			"c": [6504, 103, 12, 1],
			"lcn": null,
			"pt": "F",
			"t": "ITV HD"
		}, {
			"c": [4075, 104, 12, 1],
			"lcn": null,
			"pt": null,
			"t": "Channel 4 HD"
		}, {
			"c": [4058, 105, 12, 1],
			"lcn": "Channel 5 HD",
			"pt": "F",
			"t": "Channel 5 HD"
		}, {
			"c": [4061, 106, 12, 1],
			"lcn": null,
			"pt": "P",
			"t": "Sky One HD"
		}, {
			"c": [4066, 107, 12, 1],
			"lcn": null,
			"pt": "P",
			"t": "Sky Witness HD"
		}, {
			"c": [4053, 108, 12, 1],
			"lcn": null,
			"pt": "P",
			"t": "Sky Atlantic HD"
		}, {
			"c": [3810, 109, 12, 1],
			"lcn": null,
			"pt": "P",
			"t": "W HD"
		}, {
			"c": [6513, 110, 12, 1],
			"lcn": null,
			"pt": null,
			"t": "GOLD HD"
		}, {
			"c": [3809, 111, 12, 1],
			"lcn": null,
			"pt": null,
			"t": "Dave HD"
		}, {
			"c": [4056, 112, 12, 1],
			"lcn": "Comedy Central HD",
			"pt": "P",
			"t": "ComedyCentHD"
		}, {
			"c": [1143, 113, 12, 1],
			"lcn": "Sky Comedy HD",
			"pt": "P",
			"t": "Sky Comedy HD"
		}, {
			"c": [4074, 114, 12, 1],
			"lcn": null,
			"pt": "P",
			"t": "SYFY HD"
		}, {
			"c": [2076, 115, 12, 1],
			"lcn": null,
			"pt": "F",
			"t": "BBC One HD"
		}, {
			"c": [2086, 116, 12, 1],
			"lcn": null,
			"pt": "F",
			"t": "BBC Four HD"
		}, {
			"c": [5090, 117, 12, 0],
			"lcn": null,
			"pt": "F",
			"t": "London Live"
		}, {
			"c": [6532, 118, 12, 1],
			"lcn": null,
			"pt": "P",
			"t": "ITV2 HD"
		}, {
			"c": [6533, 119, 12, 1],
			"lcn": null,
			"pt": "P",
			"t": "ITV3 HD"
		}, {
			"c": [6534, 120, 12, 1],
			"lcn": null,
			"pt": "P",
			"t": "ITV4 HD"
		}, {
			"c": [1212, 121, 17, 1],
			"lcn": null,
			"pt": "P",
			"t": "Sky Crime HD"
		}, {
			"c": [4063, 122, 12, 1],
			"lcn": null,
			"pt": "P",
			"t": "Sky Arts HD"
		}, {
			"c": [4028, 123, 12, 1],
			"lcn": null,
			"pt": "P",
			"t": "E! HD"
		}, {
			"c": [4023, 124, 12, 1],
			"lcn": null,
			"pt": "P",
			"t": "FOX HD"
		}, {
			"c": [4003, 125, 17, 1],
			"lcn": null,
			"pt": "P",
			"t": "Discovery HD"
		}, {
			"c": [3831, 126, 12, 1],
			"lcn": null,
			"pt": "P",
			"t": "MTV HD"
		}, {
			"c": [1813, 127, 12, 0],
			"lcn": "Comedy Central Extra",
			"pt": "P",
			"t": "ComedyXtra"
		}, {
			"c": [3023, 128, 12, 0],
			"lcn": "5STAR",
			"pt": "F",
			"t": "5STAR"
		}, {
			"c": [4031, 129, 17, 1],
			"lcn": "National Geographic HD",
			"pt": "P",
			"t": "Nat Geo HD"
		}, {
			"c": [4086, 130, 17, 1],
			"lcn": null,
			"pt": "P",
			"t": "History HD"
		}, {
			"c": [6508, 131, 12, 0],
			"lcn": null,
			"pt": "F",
			"t": "ITVBe"
		}, {
			"c": [3825, 132, 12, 1],
			"lcn": null,
			"pt": "P",
			"t": "alibi HD"
		}, {
			"c": [3812, 133, 12, 1],
			"lcn": null,
			"pt": "P",
			"t": "TLC HD"
		}, {
			"c": [2296, 134, 12, 1],
			"lcn": "S4C HD",
			"pt": "F",
			"t": "S4C HD"
		}, {
			"c": [4076, 135, 12, 1],
			"lcn": null,
			"pt": null,
			"t": "E4 HD"
		}, {
			"c": [4043, 136, 12, 1],
			"lcn": null,
			"pt": null,
			"t": "More4 HD"
		}, {
			"c": [3150, 137, 12, 0],
			"lcn": null,
			"pt": "F",
			"t": "4seven"
		}, {
			"c": [1758, 139, 12, 0],
			"lcn": null,
			"pt": "F",
			"t": "4Music"
		}, {
			"c": [3590, 140, 12, 0],
			"lcn": null,
			"pt": "F",
			"t": "Food Network"
		}, {
			"c": [3022, 141, 12, 0],
			"lcn": "5USA",
			"pt": "F",
			"t": "5 USA"
		}, {
			"c": [2325, 142, 12, 0],
			"lcn": null,
			"pt": "F",
			"t": "Really"
		}, {
			"c": [2612, 143, 12, 0],
			"lcn": null,
			"pt": "F",
			"t": "Drama"
		}, {
			"c": [6761, 144, 12, 0],
			"lcn": null,
			"pt": "F",
			"t": "QUEST"
		}, {
			"c": [4090, 145, 12, 1],
			"lcn": "Sky Sports Mix HD",
			"pt": "P",
			"t": "SkySp Mix HD"
		}, {
			"c": [3352, 146, 12, 0],
			"lcn": null,
			"pt": "F",
			"t": "CBS Reality"
		}, {
			"c": [3617, 147, 12, 0],
			"lcn": null,
			"pt": "F",
			"t": "CBS Drama"
		}, {
			"c": [4610, 148, 12, 0],
			"lcn": null,
			"pt": "F",
			"t": "CBS Justice"
		}, {
			"c": [2411, 149, 12, 0],
			"lcn": null,
			"pt": "F",
			"t": "Quest Red"
		}, {
			"c": [1036, 150, 12, 0],
			"lcn": "Paramount Network",
			"pt": "F",
			"t": "Paramount"
		}, {
			"c": [2202, 151, 12, 0],
			"lcn": null,
			"pt": "P",
			"t": "Challenge"
		}, {
			"c": [1832, 152, 12, 0],
			"lcn": null,
			"pt": "F",
			"t": "Pick"
		}, {
			"c": [3028, 153, 12, 0],
			"lcn": null,
			"pt": "F",
			"t": "5SELECT"
		}, {
			"c": [2413, 154, 17, 0],
			"lcn": null,
			"pt": "P",
			"t": "ID"
		}, {
			"c": [2305, 155, 17, 0],
			"lcn": null,
			"pt": "F",
			"t": "YESTERDAY"
		}, {
			"c": [4088, 156, 17, 1],
			"lcn": "Crime & Investigation Network HD",
			"pt": "P",
			"t": "Crime+Inv HD"
		}, {
			"c": [4266, 157, 12, 0],
			"lcn": "True Entertainment",
			"pt": "F",
			"t": "Sony Channel"
		}, {
			"c": [2301, 158, 12, 0],
			"lcn": null,
			"pt": "P",
			"t": "HGTV"
		}, {
			"c": [2409, 161, 17, 0],
			"lcn": "Discovery Turbo",
			"pt": "P",
			"t": "Disc.Turbo"
		}, {
			"c": [3813, 162, 17, 1],
			"lcn": "Animal Planet HD",
			"pt": "P",
			"t": "AnimalPlnt HD"
		}, {
			"c": [1879, 163, 17, 0],
			"lcn": null,
			"pt": "P",
			"t": "History2"
		}, {
			"c": [1065, 164, 17, 0],
			"lcn": null,
			"pt": "F",
			"t": "BLAZE"
		}, {
			"c": [4025, 165, 17, 1],
			"lcn": "Nat Geo Wild HD",
			"pt": "P",
			"t": "NatGeoWild HD"
		}, {
			"c": [2302, 166, 17, 0],
			"lcn": null,
			"pt": "P",
			"t": "Eden"
		}, {
			"c": [2406, 167, 17, 0],
			"lcn": "Discovery Science",
			"pt": "P",
			"t": "Disc.Science"
		}, {
			"c": [1833, 168, 12, 0],
			"lcn": null,
			"pt": "P",
			"t": "Sky Two"
		}, {
			"c": [2012, 169, 12, 0],
			"lcn": "BBC Alba",
			"pt": "F",
			"t": "BBC ALBA"
		}, {
			"c": [1872, 170, 17, 0],
			"lcn": null,
			"pt": "F",
			"t": "Together"
		}, {
			"c": [2407, 171, 17, 0],
			"lcn": "Discovery History",
			"pt": "P",
			"t": "Disc.History"
		}, {
			"c": [3618, 172, 12, 0],
			"lcn": null,
			"pt": "P",
			"t": "DMAX"
		}, {
			"c": [1089, 173, 17, 0],
			"lcn": null,
			"pt": "F",
			"t": "Smithsonian"
		}, {
			"c": [5500, 174, 17, 0],
			"lcn": null,
			"pt": "F",
			"t": "PBS America"
		}, {
			"c": [1133, 175, 12, 0],
			"lcn": null,
			"pt": null,
			"t": "Live 360"
		}, {
			"c": [2408, 177, 12, 0],
			"lcn": null,
			"pt": "P",
			"t": "Home & Health"
		}, {
			"c": [5607, 178, 12, 0],
			"lcn": null,
			"pt": "F",
			"t": "Travel Channel"
		}, {
			"c": [3358, 179, 12, 0],
			"lcn": null,
			"pt": "F",
			"t": "Sony Crime"
		}, {
			"c": [5415, 181, 12, 0],
			"lcn": null,
			"pt": "F",
			"t": "Forces TV"
		}, {
			"c": [3687, 182, 12, 0],
			"lcn": null,
			"pt": "F",
			"t": "Channel 7"
		}, {
			"c": [1827, 183, 12, 0],
			"lcn": null,
			"pt": "P",
			"t": "VICE"
		}, {
			"c": [1102, 184, 12, 0],
			"lcn": null,
			"pt": "F",
			"t": "Hi-Impact TV"
		}, {
			"c": [1226, 185, 12, 0],
			"lcn": null,
			"pt": "F",
			"t": "Travelxp"
		}, {
			"c": [1058, 186, 12, 0],
			"lcn": null,
			"pt": "F",
			"t": "YANGA!"
		}, {
			"c": [4320, 187, 12, 0],
			"lcn": null,
			"pt": "P",
			"t": "Lifetime"
		}, {
			"c": [3731, 191, 12, 0],
			"lcn": null,
			"pt": "F",
			"t": "mytv"
		}, {
			"c": [3206, 192, 12, 0],
			"lcn": null,
			"pt": "F",
			"t": "Showcase"
		}, {
			"c": [3108, 193, 12, 0],
			"lcn": null,
			"pt": "F",
			"t": "Vox Africa"
		}, {
			"c": [3719, 195, 12, 0],
			"lcn": null,
			"pt": "F",
			"t": "BET:BlackEntTv"
		}, {
			"c": [4548, 197, 12, 0],
			"lcn": null,
			"pt": "P",
			"t": "Discovery Shed"
		}, {
			"c": [3583, 199, 12, 0],
			"lcn": null,
			"pt": "F",
			"t": "Cruise Channel"
		}, {
			"c": [6155, 203, 12, 0],
			"lcn": "ITV1+1",
			"pt": "F",
			"t": "ITV+1"
		}, {
			"c": [1670, 204, 12, 0],
			"lcn": "Channel 4 (+1)",
			"pt": "F",
			"t": "Channel 4+1"
		}, {
			"c": [1839, 205, 12, 0],
			"lcn": null,
			"pt": "F",
			"t": "Channel 5+1"
		}, {
			"c": [1403, 206, 12, 0],
			"lcn": null,
			"pt": "P",
			"t": "Sky One+1"
		}, {
			"c": [2205, 207, 12, 0],
			"lcn": "Sky Witness (+1hr)",
			"pt": "P",
			"t": "Sky Witness+1"
		}, {
			"c": [1413, 208, 12, 0],
			"lcn": "Sky Atlantic (+1hr)",
			"pt": "P",
			"t": "Sky Atlantic+1"
		}, {
			"c": [2616, 209, 12, 0],
			"lcn": null,
			"pt": "P",
			"t": "W+1"
		}, {
			"c": [2703, 210, 12, 0],
			"lcn": "GOLD (+1hr)",
			"pt": null,
			"t": "GOLD+1"
		}, {
			"c": [2320, 211, 12, 0],
			"lcn": null,
			"pt": "F",
			"t": "Dave ja vu"
		}, {
			"c": [3802, 212, 12, 0],
			"lcn": "Comedy Central (+1hr)",
			"pt": "P",
			"t": "ComedyCent+1"
		}, {
			"c": [2513, 214, 12, 0],
			"lcn": "Syfy (+1hr)",
			"pt": "P",
			"t": "SYFY+1"
		}, {
			"c": [6241, 218, 12, 0],
			"lcn": "ITV2 (+1hr)",
			"pt": "F",
			"t": "ITV2+1"
		}, {
			"c": [6261, 219, 12, 0],
			"lcn": "ITV3 (+1hr)",
			"pt": "F",
			"t": "ITV3+1"
		}, {
			"c": [6274, 220, 12, 0],
			"lcn": "ITV4 (+1hr)",
			"pt": "F",
			"t": "ITV4+1"
		}, {
			"c": [4330, 221, 17, 0],
			"lcn": "Real Lives(+1hr)",
			"pt": "P",
			"t": "Sky Crime+1"
		}, {
			"c": [1791, 224, 12, 0],
			"lcn": "FOX (+1hr)",
			"pt": "P",
			"t": "FOX+1"
		}, {
			"c": [2404, 225, 17, 0],
			"lcn": "Discovery Channel (+1hr)",
			"pt": "P",
			"t": "Discovery+1"
		}, {
			"c": [2515, 226, 12, 0],
			"lcn": "MTV (+1hr)",
			"pt": "P",
			"t": "MTV+1"
		}, {
			"c": [3607, 227, 12, 0],
			"lcn": "Comedy Central Extra (+1hr)",
			"pt": "P",
			"t": "ComedyXtra+1"
		}, {
			"c": [3024, 228, 12, 0],
			"lcn": "5STAR+1",
			"pt": "F",
			"t": "5STAR+1"
		}, {
			"c": [1822, 229, 17, 0],
			"lcn": "National Geographic Channel (+1hr)",
			"pt": "P",
			"t": "Nat Geo+1"
		}, {
			"c": [1891, 230, 17, 0],
			"lcn": "History (+1hr)",
			"pt": "P",
			"t": "History+1"
		}, {
			"c": [1014, 231, 12, 0],
			"lcn": null,
			"pt": "P",
			"t": "ITVBe+1"
		}, {
			"c": [2630, 232, 12, 0],
			"lcn": "Alibi (+1hr)",
			"pt": "P",
			"t": "alibi+1"
		}, {
			"c": [5451, 233, 12, 0],
			"lcn": null,
			"pt": "P",
			"t": "TLC+1"
		}, {
			"c": [3300, 235, 12, 0],
			"lcn": "E4 (+1hr)",
			"pt": "F",
			"t": "E4+1"
		}, {
			"c": [3310, 236, 12, 0],
			"lcn": "More4 (+1hr)",
			"pt": "F",
			"t": "More4+1"
		}, {
			"c": [3592, 240, 12, 0],
			"lcn": "Food Network (+1hr)",
			"pt": "F",
			"t": "Food Netwrk+1"
		}, {
			"c": [3027, 241, 12, 0],
			"lcn": "5USA+1",
			"pt": "F",
			"t": "5USA+1"
		}, {
			"c": [1081, 243, 12, 0],
			"lcn": null,
			"pt": "F",
			"t": "Drama+1"
		}, {
			"c": [3621, 244, 12, 0],
			"lcn": "Quest (+1hr)",
			"pt": "F",
			"t": "QUEST+1"
		}, {
			"c": [3602, 246, 12, 0],
			"lcn": "CBS Reality (+1hr)",
			"pt": "F",
			"t": "CBS Reality+1"
		}, {
			"c": [4547, 249, 12, 0],
			"lcn": "Quest Red (+1hr)",
			"pt": "F",
			"t": "Quest Red+1"
		}, {
			"c": [1082, 250, 12, 0],
			"lcn": null,
			"pt": "F",
			"t": "Paramount+1"
		}, {
			"c": [4332, 251, 12, 0],
			"lcn": "Challenge (+1hr)",
			"pt": "P",
			"t": "Challenge+1"
		}, {
			"c": [1836, 252, 12, 0],
			"lcn": "Pick TV (+1hr)",
			"pt": "F",
			"t": "Pick+1"
		}, {
			"c": [5452, 254, 17, 0],
			"lcn": null,
			"pt": "P",
			"t": "ID+1"
		}, {
			"c": [2615, 255, 17, 0],
			"lcn": "YESTERDAY (+1hr)",
			"pt": "F",
			"t": "YESTERDAY+1"
		}, {
			"c": [3620, 256, 17, 0],
			"lcn": "Crime & Investigation Network (+1hr)",
			"pt": "P",
			"t": "Crime+Inv+1"
		}, {
			"c": [5338, 257, 12, 0],
			"lcn": "True Entertainment (+1hr)",
			"pt": "P",
			"t": "Sony Channel+1"
		}, {
			"c": [2309, 258, 12, 0],
			"lcn": "Home (+1hr)",
			"pt": "P",
			"t": "HGTV+1"
		}, {
			"c": [5245, 261, 17, 0],
			"lcn": null,
			"pt": "P",
			"t": "Disc.Turbo+1"
		}, {
			"c": [1352, 262, 17, 0],
			"lcn": "Animal Planet (+1hr)",
			"pt": "P",
			"t": "Animal Plnt+1"
		}, {
			"c": [2307, 266, 17, 0],
			"lcn": "Eden (+1hr)",
			"pt": "P",
			"t": "Eden+1"
		}, {
			"c": [1351, 267, 17, 0],
			"lcn": "Discovery Science (+1hr)",
			"pt": "P",
			"t": "Disc.Sci+1"
		}, {
			"c": [3760, 271, 17, 0],
			"lcn": "Discovery History (+1hr)",
			"pt": "P",
			"t": "Disc.History+1"
		}, {
			"c": [1865, 272, 12, 0],
			"lcn": "DMAX (+1hr)",
			"pt": "P",
			"t": "DMAX+1"
		}, {
			"c": [2410, 277, 12, 0],
			"lcn": "Discovery Home & Health (+1hr)",
			"pt": "P",
			"t": "HomeHealth+1"
		}, {
			"c": [4021, 301, 14, 1],
			"lcn": "Sky Cinema Premiere HD",
			"pt": "P",
			"t": "SkyPremiereHD"
		}, {
			"c": [4020, 302, 14, 1],
			"lcn": null,
			"pt": "P",
			"t": "SkyTwilightHD"
		}, {
			"c": [4033, 303, 14, 1],
			"lcn": null,
			"pt": "P",
			"t": "Sky Hits HD"
		}, {
			"c": [4015, 304, 14, 1],
			"lcn": null,
			"pt": "P",
			"t": "Sky Greats HD"
		}, {
			"c": [4013, 305, 14, 1],
			"lcn": "Sky Cinema Disney HD",
			"pt": "P",
			"t": "Sky Disney HD"
		}, {
			"c": [4018, 306, 14, 1],
			"lcn": null,
			"pt": "P",
			"t": "Sky Family HD"
		}, {
			"c": [4014, 307, 14, 1],
			"lcn": null,
			"pt": "P",
			"t": "Sky Action HD"
		}, {
			"c": [4019, 308, 14, 1],
			"lcn": null,
			"pt": "P",
			"t": "Sky Comedy HD"
		}, {
			"c": [4062, 309, 14, 1],
			"lcn": null,
			"pt": "P",
			"t": "Sky Thriller HD"
		}, {
			"c": [4016, 310, 14, 1],
			"lcn": null,
			"pt": "P",
			"t": "Sky Drama HD"
		}, {
			"c": [4017, 311, 14, 1],
			"lcn": null,
			"pt": "P",
			"t": "Sky ScFi/HorHD"
		}, {
			"c": [1823, 312, 14, 0],
			"lcn": "Sky Cinema Premiere (+1hr)",
			"pt": "P",
			"t": "Sky Prem+1"
		}, {
			"c": [4044, 313, 14, 1],
			"lcn": null,
			"pt": null,
			"t": "Film4 HD"
		}, {
			"c": [1629, 314, 14, 0],
			"lcn": "Film4 (+1)",
			"pt": "F",
			"t": "Film4+1"
		}, {
			"c": [5605, 315, 14, 0],
			"lcn": null,
			"pt": "P",
			"t": "TCM Movies"
		}, {
			"c": [5275, 316, 14, 0],
			"lcn": null,
			"pt": "P",
			"t": "TCM Movies+1"
		}, {
			"c": [3605, 317, 14, 0],
			"lcn": null,
			"pt": "F",
			"t": "horror channel"
		}, {
			"c": [4502, 318, 14, 0],
			"lcn": "horror channel (+1hr)",
			"pt": "F",
			"t": "horror ch+1"
		}, {
			"c": [3643, 319, 14, 0],
			"lcn": null,
			"pt": "F",
			"t": "Sony Classic"
		}, {
			"c": [3751, 320, 14, 0],
			"lcn": "True Movies (+1hr) ",
			"pt": "F",
			"t": "Sony Classic+1"
		}, {
			"c": [3709, 321, 14, 0],
			"lcn": null,
			"pt": "P",
			"t": "Sony Movies"
		}, {
			"c": [3771, 322, 14, 0],
			"lcn": "Sony Movies (+1hr)",
			"pt": "P",
			"t": "Sony Movies+1"
		}, {
			"c": [3708, 323, 14, 0],
			"lcn": "Movies4Men",
			"pt": "F",
			"t": "Sony Action"
		}, {
			"c": [3721, 324, 14, 0],
			"lcn": "Movies4Men (+1hr)",
			"pt": "F",
			"t": "Sony Action+1"
		}, {
			"c": [4420, 325, 14, 0],
			"lcn": null,
			"pt": "P",
			"t": "Movies 24"
		}, {
			"c": [4421, 326, 14, 0],
			"lcn": null,
			"pt": "P",
			"t": "Movies 24+"
		}, {
			"c": [5252, 328, 14, 0],
			"lcn": null,
			"pt": "F",
			"t": "TalkingPictures"
		}, {
			"c": [3542, 329, 14, 0],
			"lcn": null,
			"pt": "F",
			"t": "ROK"
		}, {
			"c": [1047, 330, 14, 0],
			"lcn": null,
			"pt": "F",
			"t": "OUTtv"
		}, {
			"c": [2512, 350, 19, 0],
			"lcn": null,
			"pt": "P",
			"t": "MTV MUSIC"
		}, {
			"c": [2506, 351, 19, 0],
			"lcn": null,
			"pt": "P",
			"t": "MTV HITS"
		}, {
			"c": [2511, 352, 19, 0],
			"lcn": null,
			"pt": "F",
			"t": "MTV OMG"
		}, {
			"c": [2508, 353, 19, 0],
			"lcn": null,
			"pt": "P",
			"t": "MTV BASE"
		}, {
			"c": [2507, 354, 19, 0],
			"lcn": null,
			"pt": "P",
			"t": "Club MTV"
		}, {
			"c": [2509, 355, 19, 0],
			"lcn": null,
			"pt": "P",
			"t": "MTV CLASSIC"
		}, {
			"c": [3508, 356, 19, 0],
			"lcn": null,
			"pt": "P",
			"t": "MTV MUSIC+1"
		}, {
			"c": [2503, 357, 19, 0],
			"lcn": null,
			"pt": "P",
			"t": "MTV ROCKS"
		}, {
			"c": [1350, 358, 19, 0],
			"lcn": null,
			"pt": "P",
			"t": "Box Hits"
		}, {
			"c": [1802, 359, 19, 0],
			"lcn": null,
			"pt": "P",
			"t": "The Box"
		}, {
			"c": [1858, 360, 19, 0],
			"lcn": null,
			"pt": "P",
			"t": "KISS"
		}, {
			"c": [1877, 361, 19, 0],
			"lcn": null,
			"pt": "P",
			"t": "Magic"
		}, {
			"c": [1853, 362, 19, 0],
			"lcn": null,
			"pt": "P",
			"t": "Kerrang!"
		}, {
			"c": [3505, 364, 19, 0],
			"lcn": null,
			"pt": "F",
			"t": "Trace Urban"
		}, {
			"c": [3935, 365, 19, 0],
			"lcn": null,
			"pt": "F",
			"t": "Trace Vault"
		}, {
			"c": [4215, 366, 19, 0],
			"lcn": null,
			"pt": "F",
			"t": "Trace Latina"
		}, {
			"c": [3682, 368, 19, 0],
			"lcn": null,
			"pt": "F",
			"t": "NOW 90s"
		}, {
			"c": [3603, 369, 19, 0],
			"lcn": null,
			"pt": "F",
			"t": "Starz TV"
		}, {
			"c": [4541, 371, 19, 0],
			"lcn": null,
			"pt": "F",
			"t": "NOW 80s"
		}, {
			"c": [4505, 372, 19, 0],
			"lcn": null,
			"pt": "F",
			"t": "Clubland TV"
		}, {
			"c": [3403, 373, 19, 0],
			"lcn": null,
			"pt": "F",
			"t": "NOW 70s"
		}, {
			"c": [4933, 376, 19, 0],
			"lcn": null,
			"pt": "F",
			"t": "Spotlight TV"
		}, {
			"c": [1301, 401, 15, 0],
			"lcn": "Sky Sports Main Event",
			"pt": "P",
			"t": "SkySpMainEv"
		}, {
			"c": [1303, 402, 15, 0],
			"lcn": "Sky Sports Premier League",
			"pt": "P",
			"t": "SkySp PL"
		}, {
			"c": [3838, 403, 15, 0],
			"lcn": "Sky Sports Football",
			"pt": "P",
			"t": "SkySp F'ball"
		}, {
			"c": [1302, 404, 15, 0],
			"lcn": null,
			"pt": "P",
			"t": "SkySp Cricket"
		}, {
			"c": [1322, 405, 15, 0],
			"lcn": null,
			"pt": "P",
			"t": "Sky Sp Golf"
		}, {
			"c": [1306, 406, 15, 0],
			"lcn": "Sky Sports F1",
			"pt": "P",
			"t": "SkySp F1"
		}, {
			"c": [1333, 407, 15, 0],
			"lcn": null,
			"pt": "P",
			"t": "SkySp Action"
		}, {
			"c": [3839, 408, 15, 0],
			"lcn": null,
			"pt": "P",
			"t": "SkySp Arena"
		}, {
			"c": [4049, 409, 15, 1],
			"lcn": "Sky Sports News HD",
			"pt": "P",
			"t": "SkySp News HD"
		}, {
			"c": [4004, 410, 15, 1],
			"lcn": null,
			"pt": "P",
			"t": "Eurosport 1 HD"
		}, {
			"c": [4009, 411, 15, 1],
			"lcn": null,
			"pt": "P",
			"t": "Eurosport 2 HD"
		}, {
			"c": [5153, 412, 15, 1],
			"lcn": null,
			"pt": "P",
			"t": "Premier 1 HD"
		}, {
			"c": [3661, 413, 15, 0],
			"lcn": null,
			"pt": "P",
			"t": "BT Sport 1"
		}, {
			"c": [3663, 414, 15, 0],
			"lcn": null,
			"pt": "P",
			"t": "BT Sport 2"
		}, {
			"c": [1354, 415, 15, 0],
			"lcn": null,
			"pt": "P",
			"t": "SkySp Racing"
		}, {
			"c": [5032, 417, 15, 0],
			"lcn": null,
			"pt": "P",
			"t": "BT Sport 3"
		}, {
			"c": [1003, 418, 15, 1],
			"lcn": null,
			"pt": "P",
			"t": "MUTV HD"
		}, {
			"c": [1150, 422, 15, 1],
			"lcn": null,
			"pt": "F",
			"t": "FreeSports HD"
		}, {
			"c": [3141, 423, 15, 0],
			"lcn": null,
			"pt": "P",
			"t": "BT Sport//ESPN"
		}, {
			"c": [3845, 425, 15, 1],
			"lcn": "Liverpool FC TV HD",
			"pt": "P",
			"t": "LFCTV HD"
		}, {
			"c": [5272, 426, 15, 1],
			"lcn": null,
			"pt": "P",
			"t": "Racing TV HD"
		}, {
			"c": [3417, 427, 15, 0],
			"lcn": null,
			"pt": "F",
			"t": "BoxNation"
		}, {
			"c": [1634, 429, 15, 1],
			"lcn": null,
			"pt": "P",
			"t": "Premier 2 HD"
		}, {
			"c": [1830, 433, 15, 0],
			"lcn": null,
			"pt": "F",
			"t": "GINXeSportsTV"
		}, {
			"c": [1015, 435, 15, 1],
			"lcn": null,
			"pt": "F",
			"t": "LaLigaTV HD"
		}, {
			"c": [1137, 457, 12, 0],
			"lcn": null,
			"pt": "F",
			"t": "BBC Scotland"
		}, {
			"c": [3208, 458, 12, 0],
			"lcn": null,
			"pt": "F",
			"t": "BEN"
		}, {
			"c": [6014, 490, 15, 1],
			"lcn": "BT Sport Box Office HD",
			"pt": "P",
			"t": "BTSptBoxOffHD"
		}, {
			"c": [1034, 491, 15, 0],
			"lcn": "Sky Sports Box Office",
			"pt": "P",
			"t": "SkySpBoxOff"
		}, {
			"c": [1035, 492, 15, 1],
			"lcn": "Sky Sports Box Office HD",
			"pt": "P",
			"t": "SkySpBoxOffHD"
		}, {
			"c": [1218, 494, 15, 1],
			"lcn": null,
			"pt": null,
			"t": "BTSBoxOffWWE"
		}, {
			"c": [4050, 501, 16, 1],
			"lcn": null,
			"pt": "P",
			"t": "Sky News HD"
		}, {
			"c": [1074, 502, 16, 1],
			"lcn": null,
			"pt": "F",
			"t": "Bloomberg HD"
		}, {
			"c": [2085, 503, 16, 1],
			"lcn": null,
			"pt": "F",
			"t": "BBC NEWS HD"
		}, {
			"c": [2072, 504, 16, 0],
			"lcn": "BBC Parliament",
			"pt": "F",
			"t": "BBC Parliament"
		}, {
			"c": [3611, 505, 16, 0],
			"lcn": null,
			"pt": "F",
			"t": "CNBC"
		}, {
			"c": [1019, 506, 16, 1],
			"lcn": null,
			"pt": "F",
			"t": "CNN HD"
		}, {
			"c": [3147, 507, 16, 1],
			"lcn": null,
			"pt": "F",
			"t": "NHK World HD"
		}, {
			"c": [4604, 508, 16, 0],
			"lcn": null,
			"pt": "F",
			"t": "Euronews"
		}, {
			"c": [3211, 509, 16, 0],
			"lcn": null,
			"pt": "F",
			"t": "CGTN"
		}, {
			"c": [1821, 510, 16, 0],
			"lcn": null,
			"pt": "P",
			"t": "NDTV 24x7"
		}, {
			"c": [5314, 511, 16, 1],
			"lcn": null,
			"pt": "P",
			"t": "RT HD"
		}, {
			"c": [1121, 512, 16, 1],
			"lcn": "France 24 HD",
			"pt": "F",
			"t": "FRANCE 24 HD"
		}, {
			"c": [3107, 513, 16, 0],
			"lcn": null,
			"pt": "F",
			"t": "Al Jazeera Eng"
		}, {
			"c": [5882, 515, 16, 0],
			"lcn": null,
			"pt": "F",
			"t": "TVC News"
		}, {
			"c": [5237, 516, 16, 1],
			"lcn": null,
			"pt": "F",
			"t": "TRT World HD"
		}, {
			"c": [5520, 518, 16, 0],
			"lcn": null,
			"pt": "F",
			"t": "Channels 24"
		}, {
			"c": [5040, 519, 16, 0],
			"lcn": null,
			"pt": "F",
			"t": "Arise News"
		}, {
			"c": [1066, 522, 16, 1],
			"lcn": null,
			"pt": "F",
			"t": "Arirang TV HD"
		}, {
			"c": [3105, 580, 22, 0],
			"lcn": null,
			"pt": "F",
			"t": "GOD Channel"
		}, {
			"c": [3116, 581, 22, 0],
			"lcn": null,
			"pt": "F",
			"t": "revelation"
		}, {
			"c": [3109, 582, 22, 0],
			"lcn": null,
			"pt": "F",
			"t": "TBN UK"
		}, {
			"c": [5541, 583, 22, 1],
			"lcn": null,
			"pt": "F",
			"t": "DAYSTAR HD"
		}, {
			"c": [3219, 584, 22, 0],
			"lcn": null,
			"pt": "F",
			"t": "Inspiration TV"
		}, {
			"c": [1228, 585, 22, 1],
			"lcn": null,
			"pt": "F",
			"t": "LoveWorld HD"
		}, {
			"c": [3205, 587, 22, 0],
			"lcn": null,
			"pt": "F",
			"t": "Word Network"
		}, {
			"c": [3117, 588, 22, 0],
			"lcn": null,
			"pt": "F",
			"t": "EWTN Catholic"
		}, {
			"c": [4404, 589, 22, 0],
			"lcn": null,
			"pt": "F",
			"t": "Faith World TV"
		}, {
			"c": [3776, 590, 22, 0],
			"lcn": null,
			"pt": "F",
			"t": "KICC TV"
		}, {
			"c": [3392, 593, 22, 0],
			"lcn": null,
			"pt": "F",
			"t": "SonLife"
		}, {
			"c": [5354, 594, 22, 0],
			"lcn": null,
			"pt": "F",
			"t": "Faith UK"
		}, {
			"c": [1004, 595, 22, 0],
			"lcn": null,
			"pt": "F",
			"t": "Hillsong"
		}, {
			"c": [1188, 596, 22, 0],
			"lcn": null,
			"pt": "F",
			"t": "Good News TV"
		}, {
			"c": [1191, 597, 22, 0],
			"lcn": null,
			"pt": "F",
			"t": "Dunamis TV"
		}, {
			"c": [1206, 598, 22, 0],
			"lcn": null,
			"pt": null,
			"t": "Celebration TV"
		}, {
			"c": [4077, 601, 18, 1],
			"lcn": "Cartoon Network HD",
			"pt": "P",
			"t": "Cartoon Net HD"
		}, {
			"c": [5610, 602, 18, 0],
			"lcn": null,
			"pt": "P",
			"t": "CN+1"
		}, {
			"c": [4030, 603, 18, 1],
			"lcn": null,
			"pt": "P",
			"t": "Boomerang HD"
		}, {
			"c": [4069, 604, 18, 1],
			"lcn": "Nickelodeon HD",
			"pt": "P",
			"t": "NickelodeonHD"
		}, {
			"c": [1845, 605, 18, 0],
			"lcn": null,
			"pt": "P",
			"t": "Nickelodeon+1"
		}, {
			"c": [1849, 606, 18, 0],
			"lcn": "NickToons",
			"pt": "P",
			"t": "Nicktoons"
		}, {
			"c": [4073, 607, 18, 1],
			"lcn": "Disney Junior HD",
			"pt": "P",
			"t": "Disney Jnr HD"
		}, {
			"c": [1890, 608, 18, 0],
			"lcn": "Disney Junior (+1hr)",
			"pt": "P",
			"t": "Disney Junior+"
		}, {
			"c": [4071, 609, 18, 1],
			"lcn": "Disney Channel HD",
			"pt": "P",
			"t": "Disney Chnl HD"
		}, {
			"c": [1882, 610, 18, 0],
			"lcn": "Disney Channel (+1hr)",
			"pt": "P",
			"t": "Disney Chnl+1"
		}, {
			"c": [4070, 611, 18, 1],
			"lcn": null,
			"pt": "P",
			"t": "Disney XD HD"
		}, {
			"c": [2078, 613, 18, 1],
			"lcn": null,
			"pt": "F",
			"t": "CBBC HD"
		}, {
			"c": [2088, 614, 18, 1],
			"lcn": null,
			"pt": "F",
			"t": "CBeebies HD"
		}, {
			"c": [4039, 615, 18, 1],
			"lcn": null,
			"pt": "P",
			"t": "Nick Jr. HD"
		}, {
			"c": [3750, 616, 18, 0],
			"lcn": "Pop",
			"pt": "F",
			"t": "POP"
		}, {
			"c": [3780, 617, 18, 0],
			"lcn": null,
			"pt": "F",
			"t": "Tiny Pop"
		}, {
			"c": [5603, 618, 18, 0],
			"lcn": "Boomerang (+1hr)",
			"pt": "P",
			"t": "Boomerang+1"
		}, {
			"c": [1371, 619, 18, 0],
			"lcn": null,
			"pt": "P",
			"t": "Cartoonito"
		}, {
			"c": [4340, 620, 18, 0],
			"lcn": null,
			"pt": "P",
			"t": "NickJrPawPatrol"
		}, {
			"c": [6273, 621, 18, 0],
			"lcn": null,
			"pt": null,
			"t": "CITV"
		}, {
			"c": [3645, 622, 18, 0],
			"lcn": null,
			"pt": "P",
			"t": "BabyTV"
		}, {
			"c": [4261, 624, 18, 0],
			"lcn": "Tiny Pop (+1hr)",
			"pt": "F",
			"t": "Tiny Pop+1"
		}, {
			"c": [4216, 625, 18, 0],
			"lcn": "Pop (+1hr)",
			"pt": "F",
			"t": "POP+1"
		}, {
			"c": [4262, 626, 18, 0],
			"lcn": null,
			"pt": "F",
			"t": "POP Max"
		}, {
			"c": [4263, 627, 18, 0],
			"lcn": null,
			"pt": "F",
			"t": "POP Max+1"
		}, {
			"c": [5089, 628, 18, 0],
			"lcn": null,
			"pt": "P",
			"t": "Nick Jr+1"
		}, {
			"c": [5601, 640, 18, 0],
			"lcn": "Cartoon Network",
			"pt": "P",
			"t": "Cartoon Netwrk"
		}, {
			"c": [5609, 641, 18, 0],
			"lcn": null,
			"pt": "P",
			"t": "Boomerang"
		}, {
			"c": [1846, 642, 18, 0],
			"lcn": null,
			"pt": "P",
			"t": "Nickelodeon"
		}, {
			"c": [1884, 643, 18, 0],
			"lcn": null,
			"pt": "P",
			"t": "Disney Junior"
		}, {
			"c": [1881, 644, 18, 0],
			"lcn": "Disney Channel",
			"pt": "P",
			"t": "Disney Chnl"
		}, {
			"c": [1843, 645, 18, 0],
			"lcn": null,
			"pt": "P",
			"t": "Disney XD"
		}, {
			"c": [2020, 646, 18, 0],
			"lcn": null,
			"pt": "F",
			"t": "CBBC"
		}, {
			"c": [2019, 647, 18, 0],
			"lcn": null,
			"pt": "F",
			"t": "CBeebies"
		}, {
			"c": [1857, 648, 18, 0],
			"lcn": null,
			"pt": "P",
			"t": "Nick Jr."
		}, {
			"c": [5907, 660, 21, 0],
			"lcn": null,
			"pt": "F",
			"t": "QVC"
		}, {
			"c": [5761, 661, 21, 0],
			"lcn": null,
			"pt": "F",
			"t": "JML Direct"
		}, {
			"c": [1033, 662, 21, 0],
			"lcn": null,
			"pt": "F",
			"t": "TJC"
		}, {
			"c": [4410, 663, 21, 0],
			"lcn": null,
			"pt": "P",
			"t": "QVC Style"
		}, {
			"c": [1244, 664, 21, 1],
			"lcn": null,
			"pt": "F",
			"t": "Ideal World HD"
		}, {
			"c": [3010, 665, 21, 0],
			"lcn": "Gems TV",
			"pt": "F",
			"t": "Gems TV"
		}, {
			"c": [3580, 666, 21, 0],
			"lcn": null,
			"pt": "F",
			"t": "High Street TV 1"
		}, {
			"c": [5706, 667, 21, 0],
			"lcn": null,
			"pt": "F",
			"t": "High Street TV 2"
		}, {
			"c": [5212, 668, 21, 0],
			"lcn": null,
			"pt": "F",
			"t": "High Street TV 3"
		}, {
			"c": [4100, 669, 21, 0],
			"lcn": null,
			"pt": "F",
			"t": "Best Direct"
		}, {
			"c": [1129, 670, 21, 0],
			"lcn": null,
			"pt": "F",
			"t": "Primal Living"
		}, {
			"c": [5740, 671, 21, 0],
			"lcn": null,
			"pt": "F",
			"t": "Ideal Extra"
		}, {
			"c": [3404, 672, 21, 0],
			"lcn": null,
			"pt": "F",
			"t": "High Street TV 4"
		}, {
			"c": [3357, 673, 21, 0],
			"lcn": null,
			"pt": "F",
			"t": "Hochanda"
		}, {
			"c": [3354, 674, 21, 0],
			"lcn": null,
			"pt": "F",
			"t": "JewelleryMaker"
		}, {
			"c": [1130, 675, 21, 0],
			"lcn": null,
			"pt": "F",
			"t": "High Street TV 5"
		}, {
			"c": [3632, 676, 21, 0],
			"lcn": null,
			"pt": "F",
			"t": "TV Warehouse"
		}, {
			"c": [4105, 677, 21, 0],
			"lcn": null,
			"pt": "F",
			"t": "QVC Beauty"
		}, {
			"c": [3805, 679, 21, 0],
			"lcn": null,
			"pt": "F",
			"t": "Thane"
		}, {
			"c": [3415, 680, 21, 0],
			"lcn": null,
			"pt": "F",
			"t": "Psychic Today"
		}, {
			"c": [3359, 682, 21, 0],
			"lcn": null,
			"pt": "F",
			"t": "QVC Extra"
		}, {
			"c": [1245, 683, 21, 1],
			"lcn": null,
			"pt": "F",
			"t": "Create&CraftHD"
		}, {
			"c": [3012, 684, 21, 0],
			"lcn": null,
			"pt": "F",
			"t": "Craft Extra"
		}, {
			"c": [1018, 688, 21, 0],
			"lcn": null,
			"pt": "F",
			"t": "Cruise1st.tv"
		}, {
			"c": [5703, 701, 23, 0],
			"lcn": null,
			"pt": "P",
			"t": "B4U Movies"
		}, {
			"c": [5708, 702, 23, 0],
			"lcn": null,
			"pt": "F",
			"t": "B4U Music"
		}, {
			"c": [4045, 703, 23, 1],
			"lcn": "SONY TV HD",
			"pt": "P",
			"t": "SONY TV HD"
		}, {
			"c": [3608, 704, 23, 0],
			"lcn": null,
			"pt": "P",
			"t": "Star Bharat"
		}, {
			"c": [5300, 705, 23, 1],
			"lcn": null,
			"pt": "P",
			"t": "Star Plus HD"
		}, {
			"c": [1372, 706, 23, 1],
			"lcn": null,
			"pt": "F",
			"t": "COLORS HD"
		}, {
			"c": [2608, 707, 23, 0],
			"lcn": null,
			"pt": "P",
			"t": "Zee Cinema"
		}, {
			"c": [1234, 708, 23, 0],
			"lcn": null,
			"pt": "F",
			"t": "Republic Bharat"
		}, {
			"c": [2607, 709, 23, 0],
			"lcn": null,
			"pt": "P",
			"t": "Zee TV"
		}, {
			"c": [3255, 710, 23, 0],
			"lcn": null,
			"pt": "P",
			"t": "AAJ TAK"
		}, {
			"c": [3401, 711, 23, 0],
			"lcn": null,
			"pt": "F",
			"t": "MATV National"
		}, {
			"c": [1227, 712, 23, 0],
			"lcn": null,
			"pt": "F",
			"t": "Foodxp"
		}, {
			"c": [5521, 713, 23, 0],
			"lcn": null,
			"pt": "P",
			"t": "News18"
		}, {
			"c": [1105, 714, 23, 0],
			"lcn": "Colors Cineplex",
			"pt": "F",
			"t": "ColorsCineplex"
		}, {
			"c": [4046, 715, 23, 1],
			"lcn": null,
			"pt": "P",
			"t": "SONY MAX HD"
		}, {
			"c": [3720, 716, 23, 0],
			"lcn": null,
			"pt": "F",
			"t": "Venus TV"
		}, {
			"c": [4047, 717, 23, 1],
			"lcn": null,
			"pt": "P",
			"t": "Star GOLD HD"
		}, {
			"c": [3631, 718, 23, 0],
			"lcn": null,
			"pt": "F",
			"t": "SONY SAB"
		}, {
			"c": [5416, 719, 23, 0],
			"lcn": null,
			"pt": "P",
			"t": "ABP News"
		}, {
			"c": [5431, 720, 23, 0],
			"lcn": null,
			"pt": "F",
			"t": "SONY MAX 2"
		}, {
			"c": [3916, 722, 23, 0],
			"lcn": "Colors Rishtey",
			"pt": "F",
			"t": "ColorsRishtey"
		}, {
			"c": [3594, 724, 23, 0],
			"lcn": null,
			"pt": "F",
			"t": "Aastha"
		}, {
			"c": [1100, 725, 23, 0],
			"lcn": null,
			"pt": "F",
			"t": "Sanskar"
		}, {
			"c": [3201, 731, 23, 0],
			"lcn": null,
			"pt": "F",
			"t": "mta-muslim tv"
		}, {
			"c": [1069, 732, 23, 0],
			"lcn": null,
			"pt": "F",
			"t": "HUM Masala"
		}, {
			"c": [4549, 733, 23, 0],
			"lcn": null,
			"pt": "F",
			"t": "Hidayat TV"
		}, {
			"c": [4407, 734, 23, 0],
			"lcn": null,
			"pt": "F",
			"t": "GEO News"
		}, {
			"c": [3646, 735, 23, 0],
			"lcn": null,
			"pt": "F",
			"t": "PTV Global"
		}, {
			"c": [1026, 736, 23, 0],
			"lcn": null,
			"pt": "F",
			"t": "New Vision TV"
		}, {
			"c": [3214, 737, 23, 0],
			"lcn": null,
			"pt": "F",
			"t": "Islam Channel"
		}, {
			"c": [4110, 738, 23, 0],
			"lcn": null,
			"pt": "P",
			"t": "GEO TV"
		}, {
			"c": [3715, 739, 23, 0],
			"lcn": null,
			"pt": "F",
			"t": "Noor TV"
		}, {
			"c": [4402, 741, 23, 0],
			"lcn": null,
			"pt": "P",
			"t": "GEO Kahani"
		}, {
			"c": [6754, 742, 23, 0],
			"lcn": null,
			"pt": "F",
			"t": "IQRA TV"
		}, {
			"c": [3822, 743, 23, 0],
			"lcn": null,
			"pt": "F",
			"t": "92 News"
		}, {
			"c": [4403, 744, 23, 0],
			"lcn": null,
			"pt": "F",
			"t": "Islam TV"
		}, {
			"c": [6765, 745, 23, 0],
			"lcn": null,
			"pt": "F",
			"t": "Ahlebait TV"
		}, {
			"c": [4460, 746, 23, 0],
			"lcn": "Madani Channel",
			"pt": "F",
			"t": "Madani Chnl"
		}, {
			"c": [3722, 748, 23, 0],
			"lcn": null,
			"pt": "F",
			"t": "Samaa"
		}, {
			"c": [4408, 749, 23, 0],
			"lcn": null,
			"pt": "F",
			"t": "Takbeer TV"
		}, {
			"c": [5205, 751, 23, 0],
			"lcn": null,
			"pt": "F",
			"t": "HUM EUROPE"
		}, {
			"c": [5417, 752, 23, 0],
			"lcn": null,
			"pt": "F",
			"t": "British Muslim"
		}, {
			"c": [1038, 754, 23, 0],
			"lcn": null,
			"pt": "F",
			"t": "Dunya News"
		}, {
			"c": [5211, 755, 23, 0],
			"lcn": null,
			"pt": "F",
			"t": "Islam Ch Urdu"
		}, {
			"c": [5359, 756, 23, 0],
			"lcn": null,
			"pt": "F",
			"t": "Channel 44"
		}, {
			"c": [3111, 757, 23, 0],
			"lcn": null,
			"pt": "F",
			"t": "Eman Channel"
		}, {
			"c": [4265, 758, 23, 0],
			"lcn": null,
			"pt": "F",
			"t": "ARY Family"
		}, {
			"c": [1104, 759, 23, 0],
			"lcn": null,
			"pt": "F",
			"t": "A1TV"
		}, {
			"c": [1134, 760, 23, 0],
			"lcn": null,
			"pt": "F",
			"t": "HUM News"
		}, {
			"c": [5715, 766, 23, 0],
			"lcn": null,
			"pt": "F",
			"t": "PTC PUNJABI"
		}, {
			"c": [3653, 767, 23, 0],
			"lcn": null,
			"pt": "F",
			"t": "Brit Asia TV"
		}, {
			"c": [3650, 768, 23, 0],
			"lcn": null,
			"pt": "F",
			"t": "Sikh Channel"
		}, {
			"c": [3355, 769, 23, 0],
			"lcn": null,
			"pt": "F",
			"t": "Sangat"
		}, {
			"c": [5087, 770, 23, 0],
			"lcn": null,
			"pt": "P",
			"t": "Akaal Channel"
		}, {
			"c": [1056, 771, 23, 0],
			"lcn": null,
			"pt": "F",
			"t": "KTV"
		}, {
			"c": [3753, 772, 23, 0],
			"lcn": null,
			"pt": "F",
			"t": "Kanshi TV"
		}, {
			"c": [3815, 777, 23, 0],
			"lcn": null,
			"pt": "F",
			"t": "CHSTV"
		}, {
			"c": [3914, 778, 23, 0],
			"lcn": null,
			"pt": "F",
			"t": "IQRA BANGLA"
		}, {
			"c": [6753, 779, 23, 0],
			"lcn": null,
			"pt": "F",
			"t": "ATN"
		}, {
			"c": [4540, 780, 23, 0],
			"lcn": null,
			"pt": "F",
			"t": "NTV"
		}, {
			"c": [5426, 781, 23, 0],
			"lcn": null,
			"pt": "F",
			"t": "TV One"
		}, {
			"c": [4461, 782, 23, 0],
			"lcn": null,
			"pt": "F",
			"t": "iON TV"
		}, {
			"c": [3209, 786, 23, 0],
			"lcn": null,
			"pt": "F",
			"t": "Abu Dhabi TV"
		}, {
			"c": [3701, 787, 23, 0],
			"lcn": null,
			"pt": "F",
			"t": "Ahlulbayt TV"
		}, {
			"c": [4645, 788, 23, 0],
			"lcn": "Sky News Arabia",
			"pt": "F",
			"t": "SkyNewsArabia"
		}, {
			"c": [3258, 791, 23, 0],
			"lcn": null,
			"pt": "F",
			"t": "PCNE Chinese"
		}, {
			"c": [3414, 792, 23, 1],
			"lcn": null,
			"pt": "F",
			"t": "Record TV HD"
		}, {
			"c": [1114, 793, 23, 1],
			"lcn": "Iran International HD",
			"pt": "F",
			"t": "Iran Int'l HD"
		}, {
			"c": [2006, 802, 12, 0],
			"lcn": "BBC Two England",
			"pt": "F",
			"t": "BBC Two"
		}, {
			"c": [6000, 803, 12, 0],
			"lcn": null,
			"pt": "F",
			"t": "ITV"
		}, {
			"c": [1621, 804, 12, 0],
			"lcn": null,
			"pt": null,
			"t": "Channel 4"
		}, {
			"c": [1800, 805, 12, 0],
			"lcn": null,
			"pt": "F",
			"t": "Channel 5"
		}, {
			"c": [1402, 806, 12, 0],
			"lcn": null,
			"pt": "P",
			"t": "Sky One"
		}, {
			"c": [2201, 807, 12, 0],
			"lcn": null,
			"pt": "P",
			"t": "Sky Witness"
		}, {
			"c": [1412, 808, 12, 0],
			"lcn": null,
			"pt": "P",
			"t": "Sky Atlantic"
		}, {
			"c": [2617, 809, 12, 0],
			"lcn": null,
			"pt": "P",
			"t": "W"
		}, {
			"c": [2304, 810, 12, 0],
			"lcn": "GOLD",
			"pt": null,
			"t": "GOLD"
		}, {
			"c": [2306, 811, 12, 0],
			"lcn": null,
			"pt": null,
			"t": "Dave"
		}, {
			"c": [2510, 812, 12, 0],
			"lcn": "Comedy Central",
			"pt": "P",
			"t": "ComedyCentral"
		}, {
			"c": [1177, 813, 12, 0],
			"lcn": "Sky Comedy",
			"pt": "P",
			"t": "Sky Comedy"
		}, {
			"c": [2505, 814, 12, 0],
			"lcn": null,
			"pt": "P",
			"t": "SYFY"
		}, {
			"c": [2018, 815, 12, 0],
			"lcn": "BBC Four",
			"pt": "F",
			"t": "BBC Four"
		}, {
			"c": [6240, 816, 12, 0],
			"lcn": null,
			"pt": null,
			"t": "ITV2"
		}, {
			"c": [6260, 817, 12, 0],
			"lcn": null,
			"pt": null,
			"t": "ITV3"
		}, {
			"c": [6272, 818, 12, 0],
			"lcn": null,
			"pt": null,
			"t": "ITV4"
		}, {
			"c": [2207, 819, 17, 0],
			"lcn": null,
			"pt": "P",
			"t": "Sky Crime"
		}, {
			"c": [1752, 820, 12, 0],
			"lcn": null,
			"pt": "P",
			"t": "Sky Arts"
		}, {
			"c": [1305, 821, 12, 0],
			"lcn": null,
			"pt": "P",
			"t": "FOX"
		}, {
			"c": [2401, 822, 17, 0],
			"lcn": "Discovery Channel",
			"pt": "P",
			"t": "Discovery"
		}, {
			"c": [2501, 823, 12, 0],
			"lcn": null,
			"pt": "P",
			"t": "MTV"
		}, {
			"c": [1806, 824, 17, 0],
			"lcn": "National Geographic Channel",
			"pt": "P",
			"t": "Nat Geo"
		}, {
			"c": [1875, 825, 17, 0],
			"lcn": null,
			"pt": "P",
			"t": "History"
		}, {
			"c": [2303, 826, 12, 0],
			"lcn": "Alibi",
			"pt": "P",
			"t": "alibi"
		}, {
			"c": [5450, 827, 12, 0],
			"lcn": null,
			"pt": "P",
			"t": "TLC"
		}, {
			"c": [5701, 828, 12, 0],
			"lcn": null,
			"pt": "F",
			"t": "S4C"
		}, {
			"c": [1628, 829, 12, 0],
			"lcn": null,
			"pt": null,
			"t": "E4"
		}, {
			"c": [3340, 830, 12, 0],
			"lcn": null,
			"pt": null,
			"t": "More4"
		}, {
			"c": [1128, 831, 12, 1],
			"lcn": null,
			"pt": "F",
			"t": "QUEST HD"
		}, {
			"c": [1360, 834, 12, 0],
			"lcn": null,
			"pt": "P",
			"t": "E!"
		}, {
			"c": [1448, 835, 17, 0],
			"lcn": null,
			"pt": "P",
			"t": "Crime+Inv"
		}, {
			"c": [2402, 836, 17, 0],
			"lcn": null,
			"pt": "P",
			"t": "Animal Planet"
		}, {
			"c": [4091, 838, 12, 0],
			"lcn": "Sky Sports Mix",
			"pt": "P",
			"t": "SkySp Mix"
		}, {
			"c": [1847, 839, 17, 0],
			"lcn": "National Geographic Wild",
			"pt": "P",
			"t": "Nat Geo Wild"
		}, {
			"c": [1409, 842, 14, 0],
			"lcn": "Sky Cinema Premiere",
			"pt": "P",
			"t": "Sky Premiere"
		}, {
			"c": [1811, 843, 14, 0],
			"lcn": null,
			"pt": "P",
			"t": "Sky Twilight"
		}, {
			"c": [1814, 844, 14, 0],
			"lcn": null,
			"pt": "P",
			"t": "Sky Hits"
		}, {
			"c": [1815, 845, 14, 0],
			"lcn": null,
			"pt": "P",
			"t": "Sky Greats"
		}, {
			"c": [1838, 846, 14, 0],
			"lcn": "Sky Cinema Disney",
			"pt": "P",
			"t": "Sky Disney"
		}, {
			"c": [1808, 847, 14, 0],
			"lcn": null,
			"pt": "P",
			"t": "Sky Family"
		}, {
			"c": [1001, 848, 14, 0],
			"lcn": null,
			"pt": "P",
			"t": "Sky Action"
		}, {
			"c": [1002, 849, 14, 0],
			"lcn": null,
			"pt": "P",
			"t": "Sky Comedy Cinema"
		}, {
			"c": [1818, 850, 14, 0],
			"lcn": "Sky Cinema Thriller",
			"pt": "P",
			"t": "Sky Thriller"
		}, {
			"c": [1816, 851, 14, 0],
			"lcn": null,
			"pt": "P",
			"t": "Sky Drama"
		}, {
			"c": [1807, 852, 14, 0],
			"lcn": null,
			"pt": "P",
			"t": "Sky SciFi/Horror"
		}, {
			"c": [1627, 853, 14, 0],
			"lcn": null,
			"pt": null,
			"t": "Film4"
		}, {
			"c": [4002, 855, 15, 1],
			"lcn": "Sky Sports Main Event HD",
			"pt": "P",
			"t": "SkySpMainEvHD"
		}, {
			"c": [4010, 856, 15, 1],
			"lcn": "Sky Sports Premier League HD",
			"pt": "P",
			"t": "SkySp PL HD"
		}, {
			"c": [3939, 857, 15, 1],
			"lcn": "Sky Sports Football HD",
			"pt": "P",
			"t": "SkySp F'ball HD"
		}, {
			"c": [4081, 858, 15, 1],
			"lcn": "Sky Sports Cricket HD",
			"pt": "P",
			"t": "SkySpCricketHD"
		}, {
			"c": [4026, 859, 15, 1],
			"lcn": null,
			"pt": "P",
			"t": "SkySp Golf HD"
		}, {
			"c": [3835, 860, 15, 1],
			"lcn": "Sky Sports F1 HD",
			"pt": "P",
			"t": "SkySp F1 HD"
		}, {
			"c": [4022, 861, 15, 1],
			"lcn": null,
			"pt": "P",
			"t": "SkySp ActionHD"
		}, {
			"c": [3940, 862, 15, 1],
			"lcn": null,
			"pt": "P",
			"t": "SkySp ArenaHD"
		}, {
			"c": [1314, 863, 15, 0],
			"lcn": "Sky Sports News",
			"pt": "P",
			"t": "SkySp News"
		}, {
			"c": [1726, 864, 15, 0],
			"lcn": null,
			"pt": "P",
			"t": "Eurosport 1"
		}, {
			"c": [1841, 865, 15, 0],
			"lcn": null,
			"pt": "P",
			"t": "Eurosport 2"
		}, {
			"c": [3625, 867, 15, 1],
			"lcn": null,
			"pt": "P",
			"t": "BT Sport 1 HD"
		}, {
			"c": [3627, 868, 15, 1],
			"lcn": null,
			"pt": "P",
			"t": "BT Sport 2 HD"
		}, {
			"c": [3629, 869, 15, 1],
			"lcn": "BT Sport 3 HD",
			"pt": "P",
			"t": "BT Sport 3 HD"
		}, {
			"c": [1834, 870, 15, 0],
			"lcn": null,
			"pt": "P",
			"t": "MUTV"
		}, {
			"c": [4040, 872, 15, 1],
			"lcn": null,
			"pt": "P",
			"t": "BTSpt//ESPNHD"
		}, {
			"c": [3636, 874, 15, 0],
			"lcn": null,
			"pt": "P",
			"t": "Racing TV"
		}, {
			"c": [1404, 875, 16, 0],
			"lcn": null,
			"pt": "F",
			"t": "Sky News"
		}, {
			"c": [1138, 876, 12, 1],
			"lcn": "BBC Scotland HD",
			"pt": "F",
			"t": "BBCScotlandHD"
		}, {
			"c": [2011, 877, 16, 0],
			"lcn": null,
			"pt": "F",
			"t": "BBC NEWS"
		}, {
			"c": [5602, 878, 16, 0],
			"lcn": null,
			"pt": "F",
			"t": "CNN"
		}, {
			"c": [3213, 879, 16, 0],
			"lcn": null,
			"pt": "F",
			"t": "RT"
		}, {
			"c": [1023, 880, 16, 1],
			"lcn": null,
			"pt": "F",
			"t": "Al Jazeera HD"
		}, {
			"c": [5071, 881, 16, 0],
			"lcn": null,
			"pt": "F",
			"t": "TRT World"
		}, {
			"c": [2601, 882, 23, 0],
			"lcn": "SONY TV",
			"pt": "P",
			"t": "SONY TV"
		}, {
			"c": [1771, 883, 23, 0],
			"lcn": null,
			"pt": "P",
			"t": "Star Plus"
		}, {
			"c": [3714, 884, 23, 0],
			"lcn": null,
			"pt": "F",
			"t": "COLORS"
		}, {
			"c": [2603, 886, 23, 0],
			"lcn": null,
			"pt": "P",
			"t": "SONY MAX"
		}, {
			"c": [3613, 887, 23, 0],
			"lcn": null,
			"pt": "P",
			"t": "Star GOLD"
		}, {
			"c": [4032, 888, 15, 1],
			"lcn": null,
			"pt": "P",
			"t": "SkySp Racing HD"
		}, {
			"c": [5135, 889, 17, 1],
			"lcn": null,
			"pt": "F",
			"t": "Smithsonian HD"
		}, {
			"c": [1088, 890, 16, 1],
			"lcn": null,
			"pt": "F",
			"t": "CNBC HD"
		}, {
			"c": [1048, 891, 16, 1],
			"lcn": null,
			"pt": "F",
			"t": "CGTN HD"
		}, {
			"c": [2082, 951, 12, 1],
			"lcn": "BBC One Scotland HD",
			"pt": "F",
			"t": "BBC One ScotHD"
		}, {
			"c": [2083, 952, 12, 1],
			"lcn": "BBC One Wales HD",
			"pt": "F",
			"t": "BBC One Wal HD"
		}, {
			"c": [2081, 953, 12, 1],
			"lcn": "BBC One Northern Ireland HD",
			"pt": "F",
			"t": "BBC One NI HD"
		}, {
			"c": [2155, 955, 12, 0],
			"lcn": "BBC One North East & Cumbria",
			"pt": "F",
			"t": "BBC One NE&C"
		}, {
			"c": [2104, 956, 12, 0],
			"lcn": "BBC One Yorkshire",
			"pt": "F",
			"t": "BBC One Yorks"
		}, {
			"c": [2103, 957, 12, 0],
			"lcn": "BBC One Yorkshire & Lincolnshire",
			"pt": "F",
			"t": "BBC One Yk&Li"
		}, {
			"c": [2102, 958, 12, 0],
			"lcn": "BBC One North West",
			"pt": "F",
			"t": "BBC One N West"
		}, {
			"c": [2101, 959, 12, 0],
			"lcn": "BBC One West Midlands",
			"pt": "F",
			"t": "BBC One W Mid"
		}, {
			"c": [2105, 960, 12, 0],
			"lcn": "BBC One East Midlands",
			"pt": "F",
			"t": "BBC One E Mid"
		}, {
			"c": [2106, 961, 12, 0],
			"lcn": "BBC One East",
			"pt": "F",
			"t": "BBC One East E"
		}, {
			"c": [2073, 962, 12, 0],
			"lcn": "BBC One East",
			"pt": "F",
			"t": "BBC One East W"
		}, {
			"c": [2152, 963, 12, 0],
			"lcn": "BBC One South East",
			"pt": "F",
			"t": "BBC One S East"
		}, {
			"c": [2153, 964, 12, 0],
			"lcn": "BBC One South",
			"pt": "F",
			"t": "BBC One South"
		}, {
			"c": [2156, 965, 12, 0],
			"lcn": "BBC One Oxford",
			"pt": "F",
			"t": "BBC One Oxford"
		}, {
			"c": [2151, 966, 12, 0],
			"lcn": "BBC One West",
			"pt": "F",
			"t": "BBC One West"
		}, {
			"c": [2154, 967, 12, 0],
			"lcn": "BBC One South West",
			"pt": "F",
			"t": "BBC One S West"
		}, {
			"c": [2074, 968, 12, 0],
			"lcn": "BBC One Channel Islands",
			"pt": "F",
			"t": "BBC One CI"
		}, {
			"c": [2015, 971, 12, 0],
			"lcn": "BBC Two Wales",
			"pt": "F",
			"t": "BBC Two Wales"
		}, {
			"c": [2017, 972, 12, 0],
			"lcn": "BBC Two Northern Ireland",
			"pt": "F",
			"t": "BBC Two NI"
		}, {
			"c": [2004, 977, 12, 0],
			"lcn": "BBC One Scotland",
			"pt": "F",
			"t": "BBC One Scot"
		}, {
			"c": [2003, 978, 12, 0],
			"lcn": "BBC One Wales",
			"pt": "F",
			"t": "BBC One Wales"
		}, {
			"c": [2005, 979, 12, 0],
			"lcn": "BBC One Northern Ireland",
			"pt": "F",
			"t": "BBC One NI"
		}, {
			"c": [3015, 980, 12, 1],
			"lcn": "BBC Two Wales HD",
			"pt": "F",
			"t": "BBC Two Wal HD"
		}, {
			"c": [2051, 981, 12, 0],
			"lcn": "BBC Red Button 1",
			"pt": "F",
			"t": "BBC RB 1"
		}]
	}
}
